text,label
পেলাম জীবনে ভবিষ্যৎে অন্ধকার কিভাবে বাকি জীবন চলবো,1
ছোট ছোট স্বপ্নগুলো পূরণ পারলে জীবনটা সার্থক বড় স্বপ্নের শুরুই ছোট,0
বিশ্বাস যেকোনো পরিস্থিতিতে ইতিবাচক জীবনকে সহজ,0
জামা প্যান্ট জুতা সাথে মরলাম পাখি কথা রেখেছি পাখি গত ২ বছর বলেছিলাম পাখি যেদিন ভুলে মরণ রেখেছি পাখি কথা মত বেইমান মৃত্যুর একমাত্র পরিবার দায়ী,1
২০১৬তে বিয়ে বিয়ের শোভন নামে চুয়েটের ৮ম ব্যাচের এক ছেলের সাথে হোটেলে রাত কাটায় লজ্জা লাগছে লিখতে ততদিনে সবাইকে বিয়ের দাওয়াত দেয়া শেষ যেহেতু চট্টগ্রামের সবাই চিনে বিয়ে কেনসেল বাতিল পারিনি লজ্জাতে,1
আল্লাহর বিশ্বাস রাখুন জীবনে সুন্দর সাজিয়েছেন,0
চাই কষ্টের গল্প জানুক আগ্রহী,1
প্ররোচনা দিছে মইনমিথি নামে ফ্রেন্ড মাবাবা মানসিক কষ্ট মারছে আমিই বেইমানি মেনে তারপরও ভুলে সুন্দর সংসার চাইছি,1
কষ্ট চাই অস্তিত্বই একটা বোঝা,1
সবাই ছেড়ে,1
ভালোবাসার আসল মানে থাকলে সত্যিকারের সুখী,0
কথা পড়লেই একটা শান্তি অনুভব ভালোবাসা এমনই,0
বন্ধুত্ব একটা সম্পর্ক রক্তের বাঁধনে বাঁধা হৃদয়ের বাঁধনে শক্তিশালী বন্ধুরা জীবনের সবচেয়ে বড় সম্পদ সুখের সঙ্গী দুঃখের সময়ও পাশে,0
স্মৃতিগুলো কষ্ট ভবিষ্যৎ ভয় দেখায়,1
দেশে জনসংখ্যা মানুষ কম,1
জীবনের প্রতিটি ছোট মুহূর্তকেও উপভোগ,0
চাই তাকিয়ে বলুক গুরুত্বপূর্ণ,1
সঠিক মস্তিষ্কে লিখে যাচ্ছি মৃতুর দায়ী বিষয়টা প্রকার চার্জ দায়ী,1
শিশুদের হাসি দেখলে পৃথিবীতে সারল্য জীবনের সহজত্ব শিখতে,0
প্রতিদিন ভেঙে পড়ছি পাচ্ছে,1
মুহূর্ত প্রতিদিন পড়ে মুহূর্তগুলো কেবল ভালোবাসার অনুপ্রেরণায়,0
মানুষকে অল্পতেই বিশ্বাস ধোঁকা খাই বোকার মানুষকে বিশ্বাস,1
চাই মন একদিনের শান্ত,1
ছোটবেলার মাটির ঘর লেপের উষ্ণতা মনের রয়ে,0
সত্যিকারের সুখ আসে আল্লাহর পথে চললে সম্পর্ক স্থাপন,0
বিশ্বাস মানুষ স্বপ্নের বড় চেষ্টায় অবিচল,0
শক্তিহীন পড়েছি লড়াই পারছি,1
আশপাশে সমর্থন নিজেকেই সমর্থক শিখেছি,0
ফাঁসি মরতেসি ওপর নিজেকে এতো ভালোবাসে মানুষ মানুষ জানি সলিউশন বাঁচতে দিতেসে বিশ্বাস ফাইটার মানুষ বাঁচতে চাইছিলাম,1
একদিন কঠোর পরিশ্রমের ফলস্বরূপ বড় ধৈর্য রাখুন,0
জীবনের সমস্যা শক্তিশালী এগিয়ে চলুন,0
ভালো থেকো পারছি হয়ত আমিও হেরে গেলাম তোমাকে মুক্তি গেলাম,1
মা পারবে সত্যিই পৃথিবীর জয় সম্ভব,0
শেষটা পারতো,1
অতীতের ভুলগুলো শিক্ষা নিয়েছি ভবিষ্যৎ আত্মবিশ্বাসী,0
রাখুন যেকোনো পরিস্থিতি আল্লাহ ভালোভাবে তৈরি,0
পরিবারের ছোট ছোট কাজগুলোই শিখিয়েছে কিভাবে জীবনে সুখ খুঁজে ভালোবাসাই জীবনের সবচেয়ে বড় শক্তি,0
জানি কখন শেষবার সত্যিকারের সুখ অনুভব করেছিলাম,1
আল্লাহ পাথপ্রদর্শক এগিয়ে চলুন,0
বিশ্বাসের সাথে চলুন লক্ষ্য অর্জন আসবেই,0
আল্লাহর সন্তুষ্টির করুন সফলতা আসবে,0
আশা করলেও একটু ভালো প্রশংসনীয়,0
চাই জীবন অন্যরকম হতো সম্ভব,1
বিশ্বাস রাখুন কষ্টের দিনগুলো চিরকাল,0
বিষণ্ণ রজনী চাওয়ার পাওয়ার ছাড়তে চেনা গলি চেনা রাস্তা চেনা জগৎ দুনিয়াটা খুবই নিষ্ঠুর দুনিয়াটা খুবই নিষ্ঠুর প্রেম সৌন্দর্য শরীর নিরর্থক স্রষ্টার নজর আসে সময় মেপে নিয়ম সূর্যচন্দ্র জিয়িয়ে রাখে আকুল প্রাণ জীবনটা কীটপতঙ্গের ভালোবাসা স্থবির,1
চাই সবকিছু থেমে যাক স্রেফ একটা মুহূর্তের,1
একটা পথের যাত্রী শেষ,1
জীবনের ইতিবাচক দৃষ্টিভঙ্গি সুন্দর তোলে,0
প্রত্যেক সুযোগ আসে সুযোগ এগিয়ে চলুন,0
আল্লাহর দয়ার শান্তি সময় কৃতজ্ঞ থাকুন,0
মাঠের সবুজ ঘাসের গন্ধ গোধূলির আলো প্রকৃতির ছোট ছোট জিনিসগুলোই মন ভালো,0
মন ভেঙে,1
আল্লাহর দোহাই মাফ দিবেনজীবনের হার মেনে গেলাম,1
আজকের দুনিয়ার বুক মুছে চিরতরে নাম ভালো থাকুক পৃথিবীর সকল মানুষ ভালো থাকুক প্রিয় মানুষ দুনিয়ার মায়া ছেড়ে একটু কষ্ট যতটুকু কষ্ট পাচ্ছি পাওয়ার একটাই শেষ ইচ্ছে পারলে একটু দোয়া বিদায় পৃথিবী বিদায় সকলকে,1
মৃত্যুর ৪ দায়ী ইব্রাহিম ইরাক ফোন মেরে ফেলার হুমকি ফ্যামিলিকেও মেরে ফেলবে বলছে ফোন থ্রেট রেকর্ড,1
বিদায় হাসিমাখা মুখ বুকে কষ্ট কখনো হারি নি হেরে ব্যর্থতা ব্যর্থতাই আত্নহত্যার মূল,1
জীবনের পথটা আল্লাহ চিরকাল প্রেরণা তৈরি ভরসা রাখুন,0
অভ্যস্ত মুহূর্ত যেগুলো জীবনটাকে সত্যি সুন্দর তোলে হাসি সুখ দুঃখ এসবই অপরের সাথে মিশে জীবন সুন্দর কবিতা,0
শাশুড়ি দায়ী এসবের মেয়েকে আধুনিক বানাচ্ছে একটু বানিয়ে ফেলেছে চাইলে এখনো সমাধান হতো মা মাফ দিও স্বপ্ন পূরণ পারলাম মায়ের ভালোবাসার কখনো তুলনা,1
চাই জড়িয়ে বলুক পাশে আছি,1
জানি অনুভূতিগুলো স্বাভাবিক,1
অসহায় মানুষগুলো কাঁদে কান্না সহ্য নেতা বঙ্গবন্ধুও পারিনি জীবন দিছে তবুও হার মানেনি লড়াই অন্যায়ের বিপক্ষে সারাজীবন আমিও অন্যায়কে প্রশ্রয় পারিনি খারাপ জীবনে অবদি যতো খারাপ সময় রাজনীতির জন্যে,1
কখনো হার মানবেন পরিশ্রমের বিকল্প,0
আল্লাহ জীবনে সুখ শান্তি সফলতা প্রদান পথে চলি,0
চাই ভালোবাসুক,1
দীর্ঘ পথ চলতে ছোট ছোট পদক্ষেপে চলুন একেকটা সফলতা তৈরি,0
পরিবার আশ্রয় সবসময় নিরাপদ বোধ দ্বিধা স্নেহমমতাই জীবনের আসল সম্পদ,0
চাই কষ্টটা বুঝুক,1
দুঃখের সুখ আসবে আল্লাহ নিশ্চয়,0
মায়া ভালো থাকতে বাঁচতে মৃত্যুর দুয়ারে দাড়িয়ে,1
আকাশের ছোটবেলার গানের লাইনগুলো পড়ে ভরা রাতে মন খোলা আকাশ,0
যেখানেই থাকুন নিজেকে বিশ্বাস সাফল্য অর্জন,0
আল্লাহর বিশ্বাস স্থাপন করলেই জীবনের কঠিন পরিস্থিতি সহজ,0
আল্লাহর নাম স্মরণ জীবন সুখী ওঠে,0
কল্পনা করিনি প্রতিদান দিবা সরে গেছিলাম আসছো সখের পুরুষ দুনিয়া ছাড়তে বাধ্য দোষ দোষ ভালোবাসছি দোষ,1
একদিন আল্লাহ দোয়া শোনাবেন আশা হারানো,0
কষ্টের সাগরে ডুবে আছি কোথাও তীরে পৌঁছানোর সুযোগ,1
আজকের দিনে আল্লাহর রহমত সুখ সকলের জীবনে বিরাজ করুক,0
ভালোবাসা প্রতিদিন বাঁচতে শেখায় কাটানো প্রতিটি মুহূর্তই জীবনের সবচেয়ে সুন্দর সময়,0
প্রিয় মানুষটার বিয়ে কারো সাথে মেনে নিতেই পারতেছি স্পর্শ ভাবলেও প্যানিকে গা হাত পা জমে একদম এদিকে ফাইনাল পরীক্ষা চলতেছে করব করব বুঝতে পারতেছি পাগলের মত লাগে এসব ভাবলে,1
ভালোবাসার আসল মানে ত্যাগ ভালোবাসার গভীরতাই জীবনের মানে শিখিয়েছে,0
জীবন সময় কঠিন আল্লাহ সবসময় বান্দাদের ভালো অপেক্ষা,0
একটা ছায়া যেটা দিনে দিনে ফিকে,1
কখনো নিজেকে ছোট ভাববেন সক্ষম,0
কাটানো প্রতিটি মুহূর্তই জীবনের সেরা স্মৃতি ভালোবাসা সম্পূর্ণ,0
চলার পথে বাধাই আসুক আল্লাহ সঠিক পথ নির্ধারণ,0
কখনো সত্যিই ভালোবেসেছে,1
বাবামা ভাই সবাই মাফ দিয়ো ভালো থেকো তোমরা সময় দোস্ত তোরাই লাইফে একটা বেস্ট পার্সোন ছিলি সবসময় সাপোর্ট করতি ভালো উপদেশ দিতি শুনি আজকে তোর কথা গুলো শুনতাম এইদিন হতো ভালো থাকিস সবসময় খেয়াল রাখিস মাফ দিস দোস্ত,1
ক্ষুদ্র জীবনে চলাফেরা অনেকের মন জয় পারিনি ইচ্ছায় অনিচ্ছায় আচার আচরণে কষ্ট থাকলে আল্লাহর ওয়াস্তে ক্ষমা দেবেন,1
চাই ব্যথাটা বোঝার করুক,1
প্রকৃতির কোলে কাটানো সময় শান্তি আনে প্রকৃতির সম্পর্ক গভীর,0
মাটির গন্ধ বৃষ্টির শব্দ এসব অনুভব কখনো কখনো প্রযুক্তি দূরে দরকার,0
আম্মু মারা দুনিয়াটা ছোট গিয়েছিল ভবিষ্যৎ চাওয়া ছেড়ে স্বপ্ন দেখার মিডিয়াতে প্রতিষ্ঠা পারেননি পথের কাঁটা সরে দোয়া রইল সুপারস্টার সুনাম ছড়িয়ে পড়ুক চারিদিকে কামনাই,1
ক্ষুদ্র জীবনে চলাফেরা অনেকের মন জয় পারিনি ইচ্ছায় অনিচ্ছায় আচার আচরণে কষ্ট থাকলে আল্লাহর ওয়াস্তে ক্ষমা দেবেন,1
মোবাইলে দেখি ভাইবারে পাই মাহবুব নামে কুমিল্লা মেডিকেলের ব্যাচম্যাটের সাথে হোটেলে শত শত ছবি বেঁচে মৃত গেলাম ক্ষমা চাইল স্ত্রী শবেকদরের রাতে কান্না পা কখনো আমিও ক্ষমা এক বছর ভালোভাবেই সংসার করলাম,1
জীবনটা এক যাত্রা যাত্রায় প্রতিটি পদক্ষেপই গুরুত্বপূর্ণ,0
বন্ধু মানে ব্যক্তি মনের কথা পাশে পেলে সবকিছু সহজ বন্ধুরা হাসি কান্নারও অংশীদার প্রতিদিন কৃতজ্ঞ,0
ছোট অর্জনগুলোই একদিন বড় উঠবে,0
ঝুলে গেলো সত্তামানুষ নাম দিলো আত্মহত্যা,1
ভাইবোনদের কাটানো ছোট ছোট ঝগড়া মজাগুলোই জীবনের মধুর স্মৃতি,0
চাই মনের ভার শেষ যাক,1
চাই অনুভূতিগুলো একদিন স্বাভাবিক,1
জীবনে বড় অর্জন ছোট লক্ষ্যগুলো ঠিকমতো পূরণ,0
পরিবারের কাটানো ছোট্ট মুহূর্তগুলোই জীবনের সবচেয়ে বড় সম্পদ একসাথে খাওয়া গল্প হাসিমজা মুহূর্তগুলো জীবনের আসল সুখ এনে জানি জীবনের সবচেয়ে নিরাপদ আশ্রয় পরিবার,0
জীবন কেবল একটা দীর্ঘ অন্ধকার পথ শেষ কোথাও,1
অন্যকে ক্ষমা পারা জীবনের সবচেয়ে বড় শক্তি,0
দ্যা এন্ড,1
চাই ব্যথা এক মুহূর্তে শেষ যাক,1
সবসময় কষ্টে আছি,1
অনুপ্রেরণা লক্ষ্যগুলোর কথা করলেই শক্তি পাই,0
আলবিদা,1
বিশ্বাসের সম্পর্ক শক্তিশালী বিশ্বাস কখনো ভুল চিরকাল শক্তি,0
জীবনের নিয়ন্ত্রণ হারিয়ে ফেলেছি,1
জীবনের প্রতিটি শেখায় শেখার প্রস্তুত থাকি,0
অসম্ভব ইচ্ছাশক্তি থাকলে অর্জন সম্ভব,0
জন্মেছি সুন্দর পৃথিবীতে মরব সুন্দর পৃথিবীতেই মৃত্যু কষ্ট দিয়ো তৈরি এসো ভালবেসে গ্রহণ করো,1
পরিবারের কাটানো সময়ই জীবনের সেরা সময় ভালোবাসাই সুখী,0
বিদায় পাখি সাথে বেঈমানি কখনো বুঝিনি কখনোই তোমাকে বিরক্ত করব একটা কথা বলব পাখি ঠকালে এইভাবে মায়ের কোল খালি করো প্লিজ ভালো থেকো পাখি মানুষটার সাথে কথা বলছো যেনো কাঁদিও,1
আল্লাহর পথটাই সবথেকে সুন্দর পথ আল্লাহ বেছে পথই সফলতা আনে,0
মায়ের মমতা বাবার স্নেহের ভালোবাসা পৃথিবীর কোথাও,0
জীবনের অংশ প্রতিদিন বাঁচার আশা জোগায় ভালোবাসার গভীরতাই জীবনের মানে শিখিয়েছে,0
জীবনের সংকট পরীক্ষার মধ্য আল্লাহ শক্তিশালী,0
সম্পর্ক জীবনের পথচলার শক্তি ওঠে পাশে আপনাকে লক্ষ্য অর্জন সাহায্য,0
ভেতরে অবশিষ্ট পুরোপুরি ফাঁকা গেছি,1
কিছুর আগ্রহ আনন্দ,1
বিপদের জীবন অসহায় হাতের স্পর্শ স্নেহভরা শব্দ প্রয়োজন,0
নিজেকে হারিয়ে ফেলেছি নিজেকেও চিনতে পারছি,1
মৃত্যুর ছেলে দায়ী মেয়েকে হত্যা করব বিষ খেয়ে মরব ছেলে লাখ লাখ টাকা হাতিয়ে বিয়ে সংসার ছেলের নাম সাজু সাজ্জাদুর রহমান পলাতক সোনাদানা এমনকি মায়ের সোনাদানা আত্মসাৎ আজকেই আত্মহত্যা করব,1
কঠিন মুহূর্তে আল্লাহকে স্মরণ করুন সাহায্য জীবনে শান্তি আনে,0
আল্লাহর দয়ায় জীবন সুন্দর ওঠে ওপর বিশ্বাস রাখুন,0
পৃথিবী জুড়ে লাশের গন্ধ পাচ্ছি,1
জীবন সবসময় সরল পথে মাঝে মাঝে বাঁক নেয় বাঁকগুলোই শক্তিশালী,0
মিষ্টি হাসি জীবনের কষ্ট দূর সুখের,0
সফলতা তাড়াহুড়া আসে আসে পরিকল্পনা পরিশ্রমের,0
স্বপ্নগুলো অন্যদের অসম্ভব জানি একদিন সেগুলো পূরণ করব,0
নিজেকে কখনো ছোট ভেবে হতাশ প্রতিটি মানুষ আলাদা গুরুত্বপূর্ণ,0
জানুয়ারি ২০১৯ রেগুলার ক্লাবে মদ খাচ্ছে প্যাটেল নামে এক ছেলের সাথে বারবার বলছি ভালো লাগলে ছেড়ে দাও চিট করো মিথ্যা বলো ভালোবাসা সবসময় ১০০ সহ্য পারিনি দেশে ভালোবাসায় চিটিংএর শাস্তি আমিই বিচার করলাম চির শান্তির পথ বেছে নিলাম,1
ছোট ছোট ভুলগুলো শেখার সুযোগ ব্যর্থতাই সফলতার ধাপ,0
চাই বুঝুক অনুভূতিগুলো বোঝার করুক,1
বেঁচে থাকার খুঁজে পাচ্ছি,1
আল্লাহর রহমত জীবন সুন্দর আনন্দময় ওঠে,0
প্রথমবার চিঠি লিখছি শেষ বারও আমায় ক্ষমা কথার অর্থ বোঝেন শৈশবের একাকীত্বের অভাব এখনো কাটিয়ে উঠতে পারিনি পৃথিবী কঠিন ছিলো বুঝতে পারছি ভুল করেছি সবসময় যন্ত্রণার কাটাতারের হাটতে একটা জীবন এতো যন্ত্রণার,1
পরিশ্রমের বিকল্প একমাত্র পথ সাফল্যের,0
কারো গভীর মায়া কিভাবে কাটাতে,1
পারলাম একটা মানুষ জীবনের হেরে,1
শূন্য হাতে এসেছিলাম শূন্য হাতে গেলাম পারলে সবাই দোয়া কইরো পাপীর,1
অনুভূতি বোঝানোর শব্দ খুঁজে পাই নীরবতা,1
ভেতর ভেঙে পড়েছি নিজেকে জোড়া লাগানোর শক্তি,1
ভবিষ্যতে ঘটবে আল্লাহ জানেন পথে চলা,0
ছোটবেলা রক্তে মিশে রাজনীতি বঙ্গবন্ধুর রাজনীতিতে বিশ্বাসি দেখানো পথেই আসছি অবদি চাকরি বিয়ে কোনোটাই করিনি ছাত্রলীগ করবো বাট দলও টাকার জিম্মি জীবনে বাকি বেঁচে থাকতাম দুমুঠো ভাতের জন্যে,1
জীবনের ছোট ছোট মুহূর্তগুলোই বড় সাফল্যের,0
জানি কতদিন শূন্যতার টিকে থাকতে পারবো,1
বিদায় পাখি সাথে বেঈমানি কখনো বুঝিনি কখনোই তোমাকে বিরক্ত করব একটা কথা বলব পাখি যেভাবে ঠকালে এইভাবে মায়ের কোল খালি করো,1
জীবনে ভালো বিশ্বাস রাখেন ইতিবাচক মনোভাব এগিয়ে,0
সবেমাত্র সফলতার মুখ যাচ্ছিলাম জীবন থেমে পরিবার আমায় বছর লালনপালন করল পারলাম লজ্জিত,1
সীমাবদ্ধতাগুলো মেনে সেগুলোই একদিন শক্তিতে পরিণত,0
একটা দীর্ঘশ্বাস শুনতে পায়,1
ভালো থেকো আব্বু আম্মু,1
আবেগ লুকাতে অতিরিক্ত আবেগ মানুষকে এগোতে,1
অনুভব পৃথিবীর অংশ নই,1
কখনো চাইব সবাই ভালো থাইকেন দোয়া কইরেন পোস্ট,1
শক্তি খুঁজুন বিশ্বের আপনাকে থামাতে পারবে,0
ভালোবাসা শুধুমাত্র অনুভূতি জীবনের সবচেয়ে বড় শক্তি,0
অন্ধকারের হাঁটছি,1
চাই হতাশ চুপচাপ থাকি,1
সবচেয়ে কঠিন পরিস্থিতিতেও আল্লাহ পাশে কখনো হারানো,0
ভালোবাসা শক্তি কখনো থামে শক্তিশালী ওঠে শক্তি জীবনকে আলোকিত প্রতিদিনের পথে আলোকবর্তিকা দাঁড়ায়,0
জীবনটা আনেক সুন্দরভাবে গুছাইতে চাইছিলাম মনের মানুষকে ব্যর্থতা আপন মানুষ গুলোর ভুল বুঝা চাপ লাগা সম্মানে দাগ লাগা মিলিয়ে টিকে থাকতে পারলাম মাবাবা বন্ধুবান্ধব প্রিয় মানুষ ভাইবোন আত্মীয়স্বজন ভুল থাকি মাফ দিবেন পৃথিবী বাঁচতে দিল মৃত্যুর দায়ী আলবিদা,1
স্বপ্ন রাতের দিনের আলোতেও স্বপ্ন বিশ্বাস,0
মানুষ মরে মরলেই দোষ,1
নিজেকে ক্লান্ত অনুভব ঘুমিয়েও ক্লান্তি কাটে,1
পৃথিবীতে মানবতা জিনিসটা হারিয়ে শিক্ষিত লাভ বিবেক অন্ধ,1
কাটানো প্রতিটি মুহূর্তই ভালোবাসাই জীবনের আলো,0
অবশ্যই জীবনের যেকোনো চ্যালেঞ্জই আল্লাহ সহজ,0
স্বপ্ন এক জিনিস অর্জনের লড়াই আসল ব্যাপার,0
একদিনে পরিবর্তন সম্ভব প্রতিদিনের ছোট ছোট কাজেই সাফল্য আসবে,0
জানি ধৈর্য পরিশ্রম অর্জন সম্ভব,0
চাই থেমে যাক কষ্টগুলো থামুক,1
জানি শেষবার আনন্দ অনুভব করেছিলাম,1
ভেতরের অন্ধকারটা গ্রাস,1
প্রেম এক অনুভূতি চোখে হৃদয়ে অনুভব জীবনের প্রতিটি মুহূর্তে প্রেমের উপস্থিতি অনুভূত সবকিছু সহজ সুন্দর ওঠে,0
নিজেকে সহ্য পারছি,1
আশা প্রতিবারই হতাশ হই,1
পরিবার জীবনের সবচেয়ে বড় আশীর্বাদ ভালোবাসা প্রতিদিন জীবনের কঠিন সময় পার সাহস,0
সমস্যা নিজেকে মনটাকে বুঝিয়ে রাখতে পারছিলাম মনের সাথে যুদ্ধ বারবার হেরে যাচ্ছিলাম রোজই মৃত্যু তাড়া করছিল বুক ভরে নিঃশ্বাস পারছিলাম গত অসহ্য মানসিক যন্ত্রণা সহ্য করেও বাঁচতে চেয়েছি ভরপুর বেঁচে থাকার স্বাদ ছিলো সম্ভাব্য মানুষের বেঁচে থাকার আর্জি জানিয়েছি বারবার বাঁচতে চেয়েছিলাম,1
হারিয়ে যাচ্ছি ভুল থাকি মাফ দিয়ো প্রিয়জন সবকিছুর সমাধান আত্মহত্যা থাকতে বোঝে হারিয়ে সবাই খোঁজে,1
ইয়েস অপদার্থ একজন মানুষ ধন্যবাদ,1
সন্তানের বাবামায়ের দায়িত্ব পালন তোমাদের দুজনকে ভালোবাসি চাকরি বেকার ছিলে তোমাকে ছেড়ে যাইনি চাকরি জীবনসঙ্গী সময় দিয়ো,1
চাই বলুক পাশে আছি,1
চাই কষ্টগুলো ভাগ নিক শুনতে,1
প্রতিদিন নিজেকে হারিয়ে ফেলছি একটু একটু,1
দিনের সুযোগ আসে নিজেকে প্রস্তুত রাখুন,0
আহা মৃত্যুর মানুষ দেখিতে পারিত তাঁহার মৃত্যুতে কার কতটুকু আহাজারি সুখবোধ স্বাদ আস্বাদনের মৃত্যু প্রযোজ্য,1
প্রত্যেক চ্যালেঞ্জে আল্লাহ শক্তি ধৈর্য সাহস রাখুন,0
বাজে ঠকে গেছিএকদম মেটিকুলাসলি ডিজাইন ঠকানো হয়েছেইউজ করেছেএই ঘটনা টা জীবনে প্রথমতাই মানসিক বাজে অবস্থায় আছিভুল্ব গেলেও চরম প্রতিশোধ পরায়নতা জেগে উঠেএখন পড়ার সময়কিন্তু পারছি ভাবেইআমাকে ঠকিয়া এতো ভাল অবস্থানে মেনে পারছিনাকথা বলারও একটু কথা শান্তি পাবোএই অবস্থায় নানান বিধবংশি চিন্তাও আসেকরণীয়,1
চাই হাতটা শক্ত ধরুক,1
নিজেকে প্রতিদিন একটু একটু উন্নত মাঝেই সফলতার চাবিকাঠি লুকিয়ে,0
রাতে সুইসাইড যাচ্ছি সোশ্যাল মিডিয়ার একাউন্টগুলো ডিলিট করলাম পারলাম ফোনের লক খুলে গেলাম ফোন পেলে একাউন্ট ডিলিট দেবেন দয়া,1
চাই অপেক্ষা করুক আসব,1
লক্ষ্য সম্পর্কে পরিষ্কার হও পথে বাধা আসবে,0
ভালোবাসা এক শক্তিশালী অনুভূতি যেটি কেবল পাশে একজন মানুষকে জীবনের সকল জিনিসকেও আলোকিত,0
সত্যি শান্তি সুখ শুধুমাত্র আল্লাহর রহমতেই,0
খুশি একটা জিনিস কিনতে একটা রেস্টুরেন্টে ভালো খেতে পরিবারের চাহিদা পূরণ বর্তমান বাজারের পরিস্থিতি বাজার সংসার চালানো কতটা কঠিন বুঝানোর,1
ভালোবাসার শক্তিশালী হৃদয়ের প্রয়োজন আঘাত পাওয়ার পরও ভালোবাসা চালিয়ে শক্তিশালী হৃদয়ের প্রয়োজন,1
প্রিয় বন্ধুদের কাটানো হাসিমজার মুহূর্তগুলোই জীবনের কঠিন সময়গুলো পার সাহায্য,0
অবিশ্বাস্যভাবে সুন্দর আসে আল্লাহর কৃতজ্ঞ থাকি,0
ভালোবাসা সম্মান অপরিহার্য অন্যদের ভালোবাসতে,0
দুরন্ত শৈশবের পুকুরের পানি গ্রামের মাঠের সবুজ এসব স্মৃতিই জীবনের রঙ,0
ধৈর্য আল্লাহর ওপর বিশ্বাস রেখেই জীবনের প্রতিটি সংগ্রাম জয়ী,0
মৃত্যুর দায়ী সোমা তোমাকে পারলাম কষ্টটা বলার পাড়লাম আমকে মাফ দিও পারলে,1
সাফল্য অপেক্ষা বিশ্বাস চলতে থাকুন,0
মুহূর্ত জীবনকে পূর্ণ তোলে স্মৃতির সারা জীবন অমলিন,0
আমায় ভুলে পুরো জীবনও সময়,1
একাকীত্বে মিশে গেছি,1
সফলতা আসবে বিশ্বাস রাখেন কঠোর পরিশ্রম,0
আল্লাহর পথে চললে জীবনের প্রতিটি মুহূর্তই আনন্দে পরিণত,0
বিশ্বাস জীবনের সবচেয়ে বড় শক্তি রেখেছি প্রতিটি বাধা অতিক্রম পেরেছি,0
তোমাকে দোষ দিবো চাইও অন্যায় কথা দেখেছি দুঃখিত হবার রাগান্বিত হয়েছো ভুলটা বুঝতে পারোনি ভুল বুঝেছো সম্পর্কের কমিটমেন্ট থাকলে কমিটমেন্ট রাখারও কমিটমেন্ট থাকতে ভালোবাসার শীতলতা থাকতে আপনজনের তরল কন্ঠে কথা রাগ অভিমান এগুলো সম্পর্কের তোমাকে ভালোবাসাটা বোঝাতে পারিনি তোমাকে ভালোবেসে ছেড়েছিলাম,1
অনুভূতিগুলো জমে,1
জীবনের প্রতিটি চ্যালেঞ্জই শেখায়,0
প্রতিনিয়ত নিজেকে হারাচ্ছি অস্তিত্বকেই হারিয়ে ফেলছি,1
ঝুলে মানুষ মরে বেঁচে,1
সুখী আল্লাহর নাম স্মরণ করুন দয়া সর্বদা আপনাকে সঙ্গ দিবে,0
জীবনের কঠিন পরিস্থিতিতে আল্লাহর দয়া রহমত সময়,0
বন্ধুরা জীবনের অংশ সবসময় পাশে জীবনটা অসম্পূর্ণ,0
শক্তির ভরসা রাখলে দুঃসাধ্য,0
জীবন যুদ্ধে একজন পরাজিত সৈনিক বিদায় নিলাম কর্মস্থলের বসকে উদ্দেশ্য সফিকুজ্জামান স্যার কখনো কারো বেচেঁ থাকার অধিকার টুকু কেড়ে নেবেন আল্লাহ হাফেজ,1
আজকের দিনটি আল্লাহর দয়ার নিদর্শন সুখী থাকার করুন,0
বন্ধুত্ব এমনই জিনিস সময়ের সাথে বদলায়,0
বন্ধুরা জীবনের অংশ সবসময় পাশে হাসায় জীবনের সুন্দর দিকগুলো দেখায় জন্যই জীবন সুন্দর,0
কঠিন মুহূর্তেও রাখবেন আলোর অন্ধকার কাটতে সময় নেয়,0
একটুখানি হাসি পুরো সুন্দর তোলে ভালোবাসাই শক্তি,0
প্রথমবার পাহাড়ে উঠেছিলাম চারপাশের সবুজের নিজেকে হারিয়ে ফেলেছিলাম প্রকৃতি সত্যিই অবিশ্বাস্য,0
জীবনকে ভালোবাসবেন জীবন আপনাকে সুন্দরভাবে ফিরিয়ে দিবে,0
ভালো থেকো পারছি,1
আত্মীয়স্বজন বন্ধুবান্ধব এলাকাবাসীর সাথে কখনো খারাপ থাকি ক্ষমা দিয়েন,1
একটা মুহূর্ত চাই সত্যিই শান্তি অনুভব করবো,1
ভুল স্বীকার এগিয়ে যাওয়াই সাহসিকতার পরিচয়,0
জীবন কঠিন আপনাকে পরিশ্রমের শক্তিশালী বানায়,0
প্রতিটি এক আশীর্বাদ আল্লাহর রহমতে সারা জীবন সুখী থাকুন,0
আল্লাহর ওপর পূর্ণ বিশ্বাস জীবনে দৃঢ়ভাবে এগিয়ে চলুন,0
একটা যন্ত্রণা বয়ে বেড়াচ্ছি বোঝানোর ভাষা,1
কঠিন সময়ের হাসি সত্যিকারের সাহসিকতার পরিচয়,0
নিয়ত মস্তিষ্কের নিউরনের যুদ্ধ ক্লান্ত মাইগ্রেন এক অভিশাপের নাম মাইগ্রেনের হেরে গেলাম জীবনযুদ্ধে পরাজিত,1
লাইফের শেষ স্ট্যাটাস জানি কথাগুলো শোনার মানতে পারবে অনেকের ভালো লাগবে শুনে সময়ের বাস্তবতার,1
একটা হাসি ক্লান্তি দূর এমনভাবে ভালোবাসি তোমাকে শব্দে প্রকাশ,0
কখনো সত্যিই ভালোবাসেনি,1
এম ডেস্ট্রয়িং মাইসেল্ফ,1
কিছুর আশা পারছি,1
চারপাশের মানুষদের একটা বোঝা,1
ভাবলে আসতে সময় নেবে মন দ্রুত আসবে,0
পুরোনো ছবিগুলো সময় থেমে গিয়েছিল,0
ভালো পেতে আল্লাহর পূর্ণ বিশ্বাস পথ চলতে,0
জানি ভেতরের ব্যথা শেষ,1
নিজেকে হারিয়ে ফেলেছি নিজেকেও চিনতে,1
মিষ্টি কথাগুলো সবসময় কতটা ভাগ্যবান তোমাকে,0
অভ্যন্তরীণ শক্তিকে খুঁজে বের করুন সক্ষম,0
দীর্ঘদিন যাবত ডিপ্রেশনের মধ্য যাচ্ছি এভাবে বেঁচে সম্ভব উঠতেছে কীভাবে বেঁচে থাকার শক্তি পাব,1
বিশ্বাস রাখুন সবকিছু নিয়ন্ত্রণে সঠিক পথে চলেন,0
পাশে থাকলে পৃথিবীতে সবকিছু ভালোবাসাই প্রেরণা,0
আমারে দেখিবার আইসো শেষ জানাজার পরকালে তোমায় দেখার একটু স্বাদ জাগে,1
স্মৃতি কখনো মুছে বছরের বছর হাসি কান্না এনে,0
আসলে মানুষের জীবনে স্মৃতি যতবারই পড়ে ততবারই মেরে ফেলে সুন্দর জীবন মানুষের জীবন দুঃখে ভরা ভালো থাকুক ত্রিভূবনের মানুষগুলো সত্যি মানুষ কখনোই ভুলতে করতেই দুনিয়ার মানুষগুলো বড়ই স্বার্থপর ছেড়ে মায়া ত্যাগ পেছনে ইচ্ছাতেই ছেড়ে দিলাম দুনিয়া ভালো থাকুক সবাই,1
হঠাৎ যাই সত্যিই খেয়াল,1
যাত্রা চলছে প্রতিটি দিনই শেখার সুযোগ,0
অপমান অবহেলা লজ্জার সমস্যা স্তর পার তবেই ঘৃণার দ্বার প্রান্তে দাঁড়াতে দাড়িয়েও বাঁচতে চেয়েছিলাম একটা কুকুরের বাচ্চাও ব্যথা পেলে শব্দ উঠে মানুষ ভালো থেকো ভালোবাসারা,1
প্রতিটি প্রচেষ্টা মূল্যবান পরিশ্রম কখনো বিফলে,0
অনুভব ধীরে ধীরে অদৃশ্য যাচ্ছি,1
জানি প্রতিদিন নিজেকে বাঁচতে বাধ্য,1
একাকিত্ব মা বাবার বুলিং শুনতে শুনতে অতিষ্ঠ আমিযতক্ষন বিশ্ববিদ্যালয়ে থাকি ততক্ষণ ভালো থাকি করবো এভাবে চলতে পারেনা,1
পরিবারের ভালোবাসার বড় আশ্রয় সান্নিধ্যেই সবকিছু ভুলে শান্তি পাই,0
আকুতি মিনতি করেছি ভুলে ফাঁসির মঞ্চে দাঁড় করিয়েছে ভুলটা সম্পর্কে অবগতই ছিলাম ভাবতাম ভালো আছি সুখে আছি,1
আল্লাহ দুঃখের মুহূর্তেও হাসির সুযোগ,0
পথে চলবেন সঠিক জীবনের যেকোনো বাধা অতিক্রম সম্ভব,0
কখনো মানুষকে পরিপূর্ণ ভালোবাসা একটুও ভালোবাসা অবশিষ্ট পরিপূর্ণভাবে ভালোবাসলে পরিপূর্ণ নিঃস্ব ছোট বেলা একটু ভালোবাসা পাবার লালায়িত ছিলাম অকাতরে অপাত্রে ভালোবাসা গেছি বিনিময়ে ঘৃণা পেয়েছি ভালোবাসা পরম ভালোবাসলেই বোঝা,1
পরিকল্পনা সঠিক ব্যর্থ,0
তোমাকে এক মুহূর্ত ভাবতেও প্রতারণা তোমাকে একাধিকবার বলেছি কাছের মানুষের আঘাত পেলে সহ্য ক্ষমতা,1
সফলতা রাতারাতি আসে পরিশ্রম ধৈর্য একদিন ফল,0
পরিবারের ছোট ছোট মুহূর্তগুলোই জীবনের আসল সুখ কাটানো সময়ই প্রিয়,0
আল্লাহর পথে হাঁটলেই জীবনে শান্তি সুখ আসে,0
ক্লান্ত সবকিছুর,1
বুঝে হায় বিচ্ছেদে যন্ত্রনা,1
সেদিন বুঝিনি মানুষকে ভালোবাসা সবচেয়ে বড় পাপ মানুষই ভালোবাসার ঘৃণা মানুষকে ভালোবাসার কারণে পৃথিবীতে মানুষ পরিমাণ শাস্তি ভোগ তে অর্ধেকও করেনি ভালোবেসে আসার অপরাধে মানুষকে জীবন মূল্য নিজস্বতা হারিয়ে ফেলেছিলাম আসতে পারিনি পুরোপুরি বিলীন গেলাম দিনের নিঃস্ব সাহায্য এসব বুঝিনি শেষ প্রমাণিত বোকা,1
বিশ্বাস রাখুন প্রতিটি মুহূর্ত আশীর্বাদ আসে অনুভব দরকার,0
জানি বেঁচে আছি উদ্দেশ্য,1
আসলে মানুষের জীবনে স্মৃতি যতবারই পড়ে ততবারই মেরে ফেলে সুন্দর জীবন মানুষের জীবন দুঃখে ভরা ভালো থাকুক ত্রিভুবনের মানুষগুলো সত্যি মানুষ কখনোই ভুলতে দুনিয়ার মানুষগুলো বড়ই স্বার্থপর ছেড়ে মায়া ত্যাগ ইচ্ছেতেই ছেড়ে দিলাম দুনিয়া,1
অনুভব অস্তিত্বের মানেই,1
সবাই অবহেলা বন্ধুবান্ধব পরিবারপরিজন ছোটবড় শিক্ষকধর্মীয় হুজুর সকলে থাকলে খোঁজও নেয় সমাজ বিছিন্ন গেছি সবাই এমনভাবে অস্তিত্ব মতামত শুনারও সময় করাও জীবন্ত লাশ গেছি,1
ধৈর্য পরিশ্রমই জীবনের মূল মন্ত্র এগিয়ে চলুন,0
প্রতিটি পদক্ষেপ শিখতে সাহায্য এগিয়ে চলুন,0
যতবার ভালো থাকার ততবার ব্যর্থ হই,1
সবকিছু সঠিক সময়ে সঠিকভাবে ঘটবে ধৈর্য জরুরি,0
পরিবারের মিষ্টি কথাগুলো ছোট ছোট হাসিমজার মুহূর্তগুলোই জীবনের সবচেয়ে বড় সুখ এনে কাটানো প্রতিটি মুহূর্তই অমূল্য,0
কৃতজ্ঞতা জানাই পরিবার আত্মীয়স্বজন বন্ধুবান্ধব প্রিয় মানুষটাকেআমার কারো ক্ষোভরাগ অভিমান নেইযা করছি বাস্তবতার সাথে তাল মেলানোর জন্যই করছি হেরে গেছি ব্যর্থ ইচ্ছা বাবা মার সেবা যত্ন বাস্তবতা আসলেই কঠিন মেনে পারার দলেই পড়লাম মা পারলে মাফ দিয়ো,1
মূল্য টেরও পাবে যাই,1
চিৎকার চাই কণ্ঠস্বর হারিয়ে,1
আলোর অন্ধকার সফলতা আনার কঠোর পরিশ্রম প্রয়োজন,0
বন্ধুরা জীবনের অংশ লুকানোর প্রয়োজন কাটানো প্রতিটি মুহূর্তই জীবনের কঠিন সময় পার শক্তি,0
পরিস্থিতির মনোবল দৃঢ়তা পরীক্ষা এগিয়ে চলুন,0
পরিবারের পারলে সফলতার সবচেয়ে বড় উদাহরণ,0
হারিয়ে যাচ্ছি ভুল থাকি মাফ দিও প্রিয়জন সবকিছুর সমাধান আত্মহত্যা থাকতে বোঝেনা হারিয়ে সবাই খোঁজে,1
প্রিয় কষ্ট চল দুজনে মিলে আত্মহত্যা,1
জীবনের মুহূর্তগুলো হৃদয়ে চিরকাল তাজা পাশে পৃথিবীর সুখী,0
ভালোবাসা মানে কথা অপরের সবসময় পাশে,0
চাই জিজ্ঞাসা করুক কেমন আছি,1
পৃথিবীর সবচেয়ে বড় আশীর্বাদ আল্লাহর পথে চলা,0
জীবনে পরিবর্তন আনতে আল্লাহর দয়া সাহায্য সবসময় সাথে,0
মনোভাব জীবনকে সঠিক পথে চলতে থাকুন,0
ভালোবাসা মানে কেবল অনুভূতির আদানপ্রদান জীবনের পথে অপরকে শক্তি অপরের পাশে দাঁড়িয়ে কঠিন সময় পাড়ি তখনই সম্পর্কের আসল শক্তি ফুটে ওঠে,0
হয়ত সাপোর্ট থাকলে আজকে মৃত্যুটা হইত সেকেন্ড টাইমের প্রিপারেশন নেওয়ারও মানসিক শারীরিক শক্তি জীবনটা থেমে,1
প্রত্যেক দুঃখের আল্লাহ অগণিত সুখ পাঠান,0
লাগছে অস্তিত্বের মানে,1
কোথাও যায়গা বন্ধু,1
হাসির পেছনে লুকিয়ে অগণিত কষ্টের গল্প,1
সবকিছুর শেষ,1
ছোটবেলার স্কুলের সময়গুলো পড়ে খেলার মাঠ টিফিনের সময়ের হাসিমজা জীবন সহজ,0
ক্লান্ত অসহ্য রকমের ক্লান্ত,1
তোরা অপমান করছিস ভালো থাকিস তোরা সবাই ভালো থাকিস পৃথিবীতে সফর পর্যন্তই পৃথিবী আলহামদুলিল্লাহ বিদায় আলবিদা,1
কখনো হাল ছেড়ে দেবেন জীবনের সবচেয়ে বড় সাফল্য অপেক্ষা,0
ভালোবাসা কখনো পূর্ণতা লাভ হৃদয়ের গভীরে জমে জীবনের প্রতিটি স্তরে প্রতিফলিত,0
মায়ের মমতা বাবার ত্যাগের ভালোবাসা কোথাও পৃথিবীতে শিক্ষক,0
চাই কষ্টের শেষ,1
ব্যবহারে কষ্ট পেলে দয়া আমায় মাফ মৃত্যু কার কখন দুয়ারে আসে আল্লাহপাক সবাইকে ভালো রাখবেন,1
গত কিছুদিন আম্মু অসুস্থ পড়ল মায়ের চিকিত্সার ঢাকায় গেলাম পরীক্ষানিরীক্ষার মায়ের ওষুধ কিনব টাকা হাতে মামার ধার মাকে ওষুধ গাড়ি ভাড়া দিলাম,1
শৈশবে পুকুরে সাঁতার কাটতাম আজও পুকুরের জল দেখলে সময় থেমে,0
বাবা পারলে মাফ দিয়েন করব জীবনে কল্পনাও বাবা ফেলেছি পা ক্ষমা চাইব পারছি আব্বা গায়ে হাত দিয়েছি আব্বা ভালবাসি সঙ্গেই জীবনের বড় ভুলটা করছি,1
সিদ্ধান্ত নিয়েছি জীবন কঠিন সবসময় নিজেকে এগিয়ে রাখব,0
গুচ্ছ শেষ ভরসা জানি রেজাল্ট দেবে পরীক্ষাও মোটামুটি একটা আশা ভাগ্য আশাটাও পূরণ দিল,1
বন্ধুরা কষ্টে পাশে তারাই আসল বন্ধু,0
কথা সবসময় পৃথিবীর সবচেয়ে সুখী মানুষ,0
সবচেয়ে বড় সান্ত্বনা সম্পর্ক পাশে সঙ্গেই সম্ভব ওঠে,0
ভালোবাসা এক অনুভূতি কখনো মুছে,0
সময়ই সবচেয়ে বড় সম্পদ শিখেছি কিভাবে সময়ের সঠিক,0
বিশ্বাস রাখুন আল্লাহর সাহায্য আসবে অপেক্ষা করুন,0
ভুল থাকলে মাফ দিও সবাই দোয়া কইরো শান্তিতে থাকি অশান্তিতে দুজন এক থাকতে শেষ ইচ্ছা তানহার কবরের পাশে কবর,1
একমাত্র সঙ্গের মাঝে জীবনের সবচেয়ে গভীর সুখ যেটি মুহূর্তে চিরকালিত প্রতিটি ছোট হাসি প্রতিটি স্নেহ ভরা কথা অনন্ত সুখের জন্ম,0
যতদিন জীবন চলবে সম্পর্ক পথচলার শক্তি জয়ের পথে এগিয়ে কখনো একলা চলতে,0
বন্ধুত্ব এক সম্পর্ক হাসিমজা অপরের সুখদুঃখ ভাগাভাগি নাম বন্ধুদের সবসময় কৃতজ্ঞ,0
ভালো করেছি ব্যর্থ হয়েছি,1
একটা খালি শরীর ভেতরে প্রাণ,1
হাল ছেড়ে আল্লাহর ভরসা রাখুন সাফল্য হাতেই,0
মানুষের জীবনে ডিপ্রেশনের সূত্রপাত ডিপ্রেশনে ভোগা একজন মানুষ কিসের ভেতর আশেপাশের মানুষ অবস্থাটা চিন্তাও পারবে,1
মানুষের শেখা গল্প শোনা অভিজ্ঞতা এগুলো সবসময় মূল্যবান,0
প্রতিদিন শিখি জীবনের ক্লাস কখনো শেষ,0
একাকীত্বে ডুবে আছি বের উপায়,1
লাস্ট ক্লাস ৯১০ একটা সময় পার আসছি ডিসেম্বর মাস পরিক্ষা শেষ ফাইনাল পরিক্ষার দুনিয়ায় চিন্তাই থাকতো টেনশন নানু বারি যাবো কখন বেটমিন্টন ক্রিকেট ফুটবল খেলবো নিশ্চিত মন ডিসেম্বর আসলে ছুটি ছুটি ফ্লেভার জিবনে কখনই আসবে কখনই আসবে,1
চাই অনুভব করুক কষ্টটা দেখুক,1
বিপদের মুহূর্তগুলোতে অন্ধকার ভালোবাসার শক্তি এক আলোর জ্বলে ওঠে শক্তি সাহসী তোলে চলতে সাহায্য,0
মানুষেরা আপন মানুষের বুকে হাত রাখে যাবার সময় হৃদপিণ্ডটা ছিড়ে অন্যের জীবন এতো মূল্যহীন ভালো,1
ভিতরে মনুষ্যত্ব থাকলে শত শত ডিগ্রি অর্জন লাভ ভাই,0
জীবন তখনই সত্যিকারের সুখী আল্লাহকে স্মরণ পথে চলি,0
লক্ষ্যগুলো রেখেছি জীবনটা লক্ষ্যবিহীন চলার,0
বিয়ের প্রতিশ্রুতি তিন বছর ছাত্রীকে ধর্ষণের মেয়েকে বিয়ে ছাত্রীকে আত্মহত্যা বাধ্য প্রিয় শিক্ষক ভাগ্যবান ছাত্রী আল্লাহ আমায় মাফ করো দেশে শিক্ষক ছাত্রীর জীবনে আসুক সবাই আমায় মাফ সদ্য এসএসসি পাস একটা মেয়ে বিয়ের মানে এসব জানতামই ভদ্র স্যারকে বিশ্বাস করতাম বলতো শোনাতাম যাই ভাল থাক বিদায়,1
ভালো থেকো আব্বুআম্মু তোমাদের কষ্ট দিছি ক্ষমা দিও প্লিজ তোমাদের কষ্ট চাই তোমাদের ছেড়ে পৃথিবী ছেড়ে যাচ্ছি ভালো থেকো তোমরা ক্ষমা দিও তোমাদের কষ্ট দেয়ার,1
আল্লাহ জীবনে শান্তি ভালোবাসা পাঠান কৃতজ্ঞতা জানাই,0
চাই সকালে জাগতে চিরতরে ঘুমিয়ে চাই,1
ভালো আল্লাহর সাহায্য প্রয়োজন সময় দোয়া,0
চাই জড়িয়ে বলুক তোমাকে ছেড়ে যাবো,1
প্রতিটি কঠিন পরিস্থিতি শেষে সুখের আগমন আসে আল্লাহর ভরসা,0
অনিয়ম অবিচারের রোষানলে পড়ে মৃত্যু দায়ভার নিবে,1
সময়গুলো স্মৃতি হারাতে এক সম্পর্ক হৃদয়ে স্থায়ী সম্পর্ক কখনো মুছে,0
তোমাদেরও বলছি ভালো লাগলে সুন্দরভাবে আলাদা যাও চিট করো মিথ্যা বলো জানি বিশ্বাস অমায়িক মেয়ে আমিও এসব ভালোবেসে ছিলাম ভিতর বাহির এক হতো সবাই দোষ দেবে সবকিছুর ব্যাখ্যা করলাম,1
বন্ধুত্ব মানে মজা দুঃসময়ে পাশে দাঁড়ানো বন্ধুদের সঙ্গেই জীবনের প্রতিটি মুহূর্ত উপভোগ,0
আল্লাহর পথে চললে জীবন সুন্দর শান্তিপূর্ণ ওঠে,0
কখনো বেঁচে থাকার সর্বশেষ আশাটুকু সম্বলটুকু হারিয়ে ফেলেন হুট ধীরে ধীরে মৃত্যুকে অতি আপন কাছের কেবল দুমিনিট অপেক্ষা করিয়েন,1
জীবনের পথে সম্পর্ক অমূল্য রত্নের সাথে কাটানো মুহূর্তগুলো চিরকাল স্মৃতির অংশ,0
সবাই মাফ দিবেন আত্মহত্যার পথ বেছে নিয়েছি কিছুক্ষন আত্মহত্যা করবো চারপাশে ধারদেনা গেছি নিজেকে সামাল পারছি একটা লোন কথা আজকে,1
জানি কীভাবে বেঁচে থাকতে,1
বন্ধুত্ব এক শক্তি সবসময় পাশে বন্ধুরা জীবনের সবচেয়ে বড় উৎসাহ,0
হারিয়ে চাই খুঁজে পাবে,1
পরিকল্পনা সফলতার ধাপ আজকের পরিকল্পনাগুলোই ভবিষ্যতের ভিত্তি,0
প্রতিদিন একটু একটু নিজেকে বদলানোর করছি আজকের গতকালের ভালো,0
আল্লাহর সাহায্য সম্ভব সময় দোয়া করুন,0
দুঃখের আল্লাহ সুখ আশা হারাবেন,0
নবী হোসেন এসকে মামুনের ছোট ভাই দুইজন মিলে ইনকামের রাস্তা বন্ধ দিল দুনিয়াতে খেয়ে বাঁচার অধিকার যেহেতেু অধিকার বঞ্চিত হলাম বাঁচার সিদ্ধান্তই শ্রেয় চলার পথে অনেকের সাথে ভুলভ্রান্তি করেছি সবাই নিজগুনে ক্ষমা দিয়েন আত্মহত্যার মানুষগুলোই দায়ী,1
পাহাড়ে ওঠা কঠিন চূড়ায় পৌঁছানোর আনন্দই কষ্ট ভুলিয়ে জীবনও,0
আশেপাশের মানুষদের ক্লান্ত ফেলেছি আমিই সমস্যা,1
প্রতিটি অর্জন বড় স্বপ্ন শেখায়,0
হারিয়ে যাচ্ছি ভুল থাকি মাফ দিও প্রিয়জন সবকিছুর সমাধান আত্মহত্যা থাকতে বোঝেনা হারিয়ে সবাই খোঁজে,1
ক্লান্ত এক ক্লান্তি ঘুমিয়ে কাটানো,1
এভাবে বেঁচে থাকাটা অর্থহীন,1
বন্ধুরা পরিবার নিজেরা বেছে নিই জন্যই জীবনটা সুন্দর,0
কথা বললেই ঢাকা ম্যাচ এরিয়ায় ভালোভাবে বেঁচে থাকার যেই সংগ্রাম যুদ্ধ করেছি যুদ্ধে পরাজয় শিকার জীবন বাধ্য হলাম,1
বন্ধু কখনো পুরোনো কাটানো মুহূর্তগুলো সবসময় নতুনই,0
অনুভূতিগুলো এক অবিরাম বৃষ্টি কখনো থামে,1
সারাটা ঘরের একা একা থাকি মানুষের ফ্রেন্ড পাশে পাই প্রয়োজন বেস্ট ফ্রেন্ড ভাবতাম তাকেও পাশে পাই,1
জীবনটা কঠিন পুরোনো অর্জনগুলো এগুলোই চেষ্টার অনুপ্রেরণা,0
জীবনের এক পর্যায়ে দেখবেন বন্ধু,1
জীবন একটা নিরব যুদ্ধ প্রতিদিন হেরে যাচ্ছি,1
জীবনের প্রতিটি পদক্ষেপে শিখুন জীবনের সবচেয়ে বড় শিক্ষা অভিজ্ঞতা,0
আল্লাহর সাহায্য সম্ভব সময় দোয়া করুন,0
বইয়ের গন্ধ পুরোনো পৃষ্ঠার রঙ এগুলো সবসময় এক জগতে,0
নিজেকে প্রতিদিন আবিষ্কার মাঝেই জীবনের সৌন্দর্য,0
পরিস্থিতির শিকার কিছুর তানহার পরিবার পরিবার দায়ী এমনকি ভাইব্রাদার বন্ধুও দায়ী ইচ্ছেতে সত্যি বাচার ইচ্ছে,1
অনুভব কোথাও ফিট,1
ফেসবুকে ঘুরতে ছবি মনের ভেতর অন্যরকম হাহাকার তৈরি হয়এত লোকের একা বাসাই থাকলেই মনের ভেতর শূন্যতা লাগে ইন্ট্রোভার্ট একজন মানুষ পরিস্থিতিতে পরামর্শ দিতেন খুশি হতাম,1
দুঃখের কথা,1
বিশ্বাস ভালো,1
ছোটবোনের মিষ্টি কথাগুলো সবসময় কতটা ভাগ্যবান অপরকে,0
সত্যিকারের বন্ধু কষ্টের সময়েও পাশে ভাগ্যবান বন্ধু পেয়েছি,0
চোখে সবকিছু পাই জীবনের সবচেয়ে মূল্যবান অংশ,0
বই লিখতে করেছিলাম বইয়ের নাম রাখতে চেয়েছিলাম সুইসাইড বই লেখা শেষ করতেই সুইসাইড গেলাম বাবামা খারাপ সন্তানরা খারাপ এসব কথা শুনতে শুনতে বোর গেছি জীবন প্রমাণ চাই,1
নিজেকে বিশ্বাস করুন সম্ভব আত্মবিশ্বাস রাখেন,0
বন্ধুত্ব শক্তি সময় চলতে সাহায্য ধন্যবাদ বন্ধুদের,0
ভালো থেকো প্রিয় মাবাবা ভালো থেকো প্রিয় মানুষ ক্ষমা দিও আমায়,1
সত্যিই বোঝে,1
মুহূর্ত যেগুলো জীবনের এক স্বতন্ত্র চিত্র ওঠে সঙ্গেই জীবনের প্রতিটি রঙিন ওঠে,0
কখনো কখনো একাকিত্ব জীবনের প্রকৃত দিকগুলো বুঝতে সাহায্য,0
দিনশেষে একা একা একজন মানুষ,1
চারপাশের মানুষগুলোর ভিড়ে একাই হারিয়ে গেছি,1
পরিবার জীবনটা অসম্পূর্ণ ভালোবাসার আশ্রয় জীবনের ভিত্তি সান্নিধ্যেই জীবনের প্রতিটি চ্যালেঞ্জের মুখোমুখি সাহস পাই,0
পরিবারের ভালোবাসা এক আশ্রয় দুঃখকষ্ট দূর,0
আল্লাহর পথে চললেই সাফল্য শান্তি নিশ্চিত,0
মানুষের প্রশংসা পাওয়ার কাজের সন্তুষ্টি লাভ গুরুত্বপূর্ণ,0
আল্লাহর ভরসা রাখলে সহজ,0
জানি প্রতিদিন ব্যথা পাই,1
চাই ভাবুক কেবল চাই,1
জানি এখনো টিকে আছি,1
চাই জীবনে একটু শান্তি আসুক কখনো সম্ভব,1
ফ্রিল্যান্সিং টাকা উপার্জন করেছি দীর্ঘ সময় অসুস্থতার কারণে ঋণগ্রস্ত পড়ি কিছুটা সুস্থ ফ্রিল্যান্সিং পরবর্তীতে তিন মাস যেতেই অসুস্থ পড়ি এইজন্য বন্ধ রাখতে এদিকে আয় বন্ধ যাওয়ায় ঋণগ্রস্ত পরিবারে ব্যাপক অভাবঅনটন এছাড়া আইটি প্রতিষ্ঠানের পাওনা ১৭ লাখ টাকা পাওয়ায় হতাশাবোধে ভুগছি এসব কারণেই পৃথিবী ছেড়ে যাচ্ছি,1
এখনকার প্রচেষ্টা ভবিষ্যতে বড় সাফল্যে পরিণত,0
প্রতিদিন ছোট স্বপ্নের একধাপ এগোচ্ছি,0
ভালো থেকো আব্বুআম্মু তোমাদের কষ্ট দিছি ক্ষমা দিও প্লিজ তোমাদের কষ্ট চাইনা তোমাদের ছেড়ে পৃথিবী ছেড়ে যাচ্ছি ভালো থেকো তোমরা ক্ষমা দিও তোমাদের কষ্ট,1
ভালোবাসছিলাম শুনছিলাম পুরুষ মানুষ ভালোবাসা পাইলে কীভাবে ছোট করলা কীভাবে করছি করছি তোমাকে ভালোবেসে,1
একটা শূন্য দৃষ্টিতে তাকিয়ে থাকি ভালো লাগে,1
সুন্দরী পড়ায় ভালো গান সত্য ভালো অভিনেত্রী ভালো চিটার ইচ্ছা বিলিভ ইচ্ছা ভালোবেসে চিটার গিরি করো,1
আশা রাখুন আল্লাহ সময় সবচেয়ে ভালো পরিকল্পনা,0
নেতিবাচক কথা বলার ইতিবাচক পদক্ষেপ নেওয়াই আসল প্রতিদিন,0
বন্ধুত্ব সম্পর্ক সবসময় প্রেরণা,0
গলায় দড়ি দিলাম তুই রফিকের লাগি তুই আমারে কাবু লাশ বানাইলি তুই ভাল থাক বেইমান সফিকের এক টাকা আনছিলাম সুদে তিন টাকা সুদ দিয়েও সাড়ে তিন টাকা পায় রফিক সফিকের লাগি আত্মহত্যা করলাম ভাল থাক পরিবার মা ফাইজা আমায় ক্ষমা করো মা বাবা ভাই বোন তোমরা ক্ষমা করিও বউ তোমাকে বলার ইতি এক কাপুরুষ,1
পছন্দের শখগুলো সবসময় এগুলোই জীবনের রঙ,0
আশা রাখুন যেকোনো দুঃসময় শেষ দিনের,0
ভালো কাজের মনোযোগী হও আল্লাহর পক্ষ প্রতিটি ভালো কাজের পুরস্কার,0
সীমাবদ্ধতাগুলো জানি সেগুলো অতিক্রম,0
অভাব দারিদ্রতার ননএক্সিস্টেন্ট পারতাম ভালো লাগেনা হতাশাগ্রাস চতুর্দিক,1
বিশ্বাস সবকিছু অর্জন সম্ভব,0
মধ্যবিত্ত পরিবারের জন্ম ভালো আশা মহাপাপ নামে সরকারি চাকরি বেতনটা নামের ওপরই সাত বছর চাকরি এখনো বাড়িতে একটু কোথাও ছুটির সময়টাও চোরের থাকতে,1
বন্ধুত্ব এক শক্তি সবসময় জীবনকে সুন্দর তোলে,0
জীবনে মানুষ দরকার কথা বোঝা সবকিছু,0
সকালে উঠেই সঠিক চিন্তা দিনটি ভালো ইতিবাচক মনোভাব রাখুন,0
সময়ের থেমে মানে হাল ছেড়ে শক্তি সঞ্চয়ের প্রক্রিয়া,0
সম্ভব হইলে সবাই মাফ দিবেন আমিও বাঁচতে চাইছিলাম ক্লান্ত সম্ভব,1
ভালোবাসল কিসের বিয়ে করল শেষ চাইছি চুপ সমাধান থাকতে শ্বশুর শাশুড়িকে বারবার বলছি উনারা সমাধান পারত মৃত্যুর দায়ী বউ ৯টা বছর ১০০ ভালোবাসছি,1
দুঃখ পেয়েও ভালবাসা সত্যিই অসম্ভব দাঁড়িয়েছে একজন মানুষের একজন মানুষ কতো সহজে নিষ্ঠুরতা বিশ্বাস একটু ভালোবাসা এমনই সস্তা জিনিস এতো আবহেলা আচ্ছা মানুষের মানুষের আরচণ মানুষ সৃষ্টির সেরা জীব,1
হাসির সুখের কথা হাসি আসে ভালোবাসার অনুভূতিও প্রকাশিত,0
অতিরিক্ত ইমোশন অল্পেই মাথা গরম কিভাবে বাঁচতে সাথে যুদ্ধ পারছি অপর পাশের মানুষটা বোঝে খারাপ লাগে,1
আল্লাহ কখনো একা ছেড়ে সাহায্য সময়,0
প্রতিদিনের কাজগুলোই জীবনের বড় লক্ষ্য তৈরি,0
জীবনের শেষ,1
ভালোবাসার সাথে কাটানো মুহূর্তগুলো এক অদ্ভুত শান্তি এনে শব্দের বাইরে সময়গুলোর তুলনা কেবল অনুভব,0
কঠোর পরিশ্রম শিখিয়েছে সফলতা উপভোগ মজাটাই আলাদা,0
চাই মনের ভার শেষ যাক,1
অনুভূতিগুলো ধীরে ধীরে নিঃশেষ,1
পরিবারের ছোট ছোট মুহূর্তগুলোই জীবনের বড় সুখ এনে কাটানো সময়ই প্রিয়,0
দোয়া করুন আল্লাহ মঞ্জুর,0
জানি কতদিন নিজেকে এইভাবে টেনে পারবো,1
একসাথে পথচলা,1
ভাবিনি ফেসবুকের শেষ স্টেটাস সাইকো ছিলাম মানসিক সমস্যা ছিলো মেডিকেলটা এইখানে পিছিয়ে পড়া স্টুডেন্টদের জায়গাটা কঠিন আমিও পারছিলাম ফেসবুকে শেয়ার করিনা করলাম ফেসবুকের ৩০০ ফ্রেন্ডদের মাঝে ২০৩০ সাথে কথা হতোহয় সবাইকে ইনবক্স মানসিকতা মুহূর্তে ক্ষমাপ্রার্থী,1
আল্লাহ বিশ্বাস দয়ার অভাব জীবনে কখনো হতাশ,0
ব্যর্থ আপাতত পরবর্তী পদক্ষেপ নেব,1
চাই ভেতরের ব্যথা এক মুহূর্তে শেষ যাক,1
অপরের পাশে দাঁড়ানো ভালোবাসা কেবল অনুভূতির সীমাবদ্ধ শক্তির রূপে পরিণত,0
চাই থেমে যাক মনের কষ্ট,1
চাই চিনুক চাই অদৃশ্য,1
সময় টা খারাপ সংসার করতেছি মানুষ টার সাথে ঝগড়া মানুষ টা বাজে কথা সংসারে বদনজর লাগছে,1
মারা গেছি,1
শিখেছি কৃতজ্ঞ জীবনের সবচেয়ে বড় সম্পদ,0
একটা যন্ত্রণার গল্প শুনতে,1
জীবনটা অদ্ভুত ভাগ্য টা খারাপ একটু সুখ শান্তি আশা শুধুমাত্র ছোট্ট মেয়েটার মুখের তাকিয়ে বেঁচে আছি মাঝে মাঝে মেয়েটা আত্মহত্যা মহাপাপ থাকলে মেয়েটার ২ টো কারণেই বেঁচে আছিআমাকে দুনিয়ায় মেয়েটা ভালবাসে এইরকম জীবন ভালো লাগেনা,1
জীবন এতটা কঠিন,1
ভবিষ্যৎ অন্ধকার,1
আত্মবিশ্বাস ইমানের জীবন চললেই আল্লাহর রহমত আসবে,0
জীবনের সংগ্রামগুলোই সঠিক পথে পরিচালিত আল্লাহর পথেই সাফল্য নিহিত,0
আল্লাহর রহমতের ধারায় হারিয়ে জীবনে সুযোগ তৈরি,0
মিষ্টি কথাগুলো সবসময় কতটা ভাগ্যবান তোমাকে,0
জীবনের শেষ মুহূর্তেও আল্লাহর রহমত আসবে বিশ্বাস রাখুন,0
সবকিছুতেই হতাশাগ্রস্ত,1
ট্রাস্ট মি দুনিয়াতে সুন্দর হইলে আনারও দাম রিপিট আনারও দাম,1
সাতটা বছর মানসিক যন্ত্রণা অভাবের যুদ্ধ সত্যি বড় ক্লান্ত পড়েছি এইবার একটু রেস্ট দরকার পরিবার সহকর্মী সিনিয়র জুনিয়র বন্ধুদের ক্ষমা নিচ্ছি নিকৃষ্ট কাজের পারলে ক্ষমা বিকল্প পথ,1
করবো হায় হতাশা ঘিরে ধরেছে আমায়,1
চাই কাঁদুক চাই কেবল হারিয়ে,1
ভাইবোনেরা জীবনের বন্ধু কাটানো সময়ই জীবনের সেরা অধ্যায়,0
বুঝতে পারছি এখনো বেঁচে আছি,1
জীবনের জিনিসই আসাযাওয়া অনুভূতি চিরকাল স্থায়ী মাঝে একটিই নিঃশর্ত ভালোবাসা সবকিছু অতিক্রম,0
সম্পর্ক অনুভব সাথে কাটানো সময়ের প্রতিটি মুহূর্ত জীবনের সবচেয়ে মূল্যবান মুহূর্ত,0
কথা ভাবলেই পৃথিবীর সবচেয়ে ভাগ্যবান মানুষ ভালোবাসাই সবকিছু,0
অনুভূতিগুলো মূল্য রাখে,1
একা থাকতে চাই জানি বুঝবে,1
শুভ সকাল লেখাটা আপনারা পড়বেন আপনাদের ছেড়ে দূরের ফেরার দেশের যাত্রী জানি আপনাদের আছেন ভালোবাসেন ছাড়াই বাসতেন গুরুত্বপূর্ণ ছিলাম কারোর ছিলাম আছেন ঘৃণা করতেন করতেন আপনাদের মধ্য একজন মাথায় ছুড়ে ফেলেও তাতেও কারোর বিরুদ্ধে অভিযোগ,1
টাকা থাকলে সমাজে মূল্য বন্ধু পরিবারের মূল্য যতই অসুস্থ যতই ভালো ছেলে পৃথিবীতে খারাপ ছেলে,1
ভালোবাসা গভীর শব্দে প্রকাশ,0
ভালোবাসে,1
আল্লাহর নামে প্রতিটি কাজই সাফল্যের এগিয়ে,0
পরিবার জায়গা সবসময় ভালোবাসা নিরাপত্তা,0
ভালো থাকো পারছি মতে হেরে গেলাম মুক্তি গেলাম,1
বিশ্বাস ভেঙে দিলে ক্ষতি একজন বিশ্বাসঘাতক বেঈমান মানুষ হারাবো একজন বিশ্বস্ত মানুষ হারাবে,1
জীবন কাটানো পছন্দের পথ অনুসরণ সবচেয়ে বড় সুখ,0
দুঃখের সুখ আসে আল্লাহর যাওয়াই সবচেয়ে গুরুত্বপূর্ণ,0
জীবনের প্রতিটি মুহূর্ত আল্লাহর রহমত পূর্ণ,0
আল্লাহর বিশ্বাস রাখলে জীবনে অগণিত রহমত,0
পড়াশোনার চাপের বন্ধুর পুরোনো গান শুনে স্মৃতি পড়ে,0
হার মানা মনোভাব আল্লাহর বিশ্বাস জীবনে অসীম শক্তি এনে,0
কখনো কখনো হারিয়ে যাওয়াই প্রয়োজন হারানোর পাওয়ার সম্ভাবনা,0
পাশে থাকো পৃথিবীর সমস্যাই ছোট ভালোবাসা প্রতিদিন বাঁচার শক্তি জানি সাথেই জীবনের প্রতিটি মুহূর্ত রঙিন,0
জয় আবির আকাশ তাসনিম তোদেরকে জীবনে কান্না একটা লোক কিনা পরিবারকে কষ্ট জীবনে পারবে কিনা সবাই ভালবাসতো,1
নিজেকে পৃথিবীর একেবারেই অপ্রয়োজনীয়,1
ভেতরে সবকিছু শেষ,1
পরিবারের সান্নিধ্যে কাটানো সময় জীবনের সবচেয়ে মূল্যবান সম্পদ,0
মনের সুন্দর দিকগুলো সবসময় মুগ্ধ জীবনের সবচেয়ে গুরুত্বপূর্ণ ব্যক্তি,0
ভাঙতে ভাঙতে একেবারে ধূলিসাৎ গেছি,1
স্বপ্ন শেষ ঢাবি রাবি জাবি একটু একটুর ধাক্কা খাই জানি এটাও ভাগ্যের কম সারা রাত এক পড়তাম বাবামার স্বপ্ন কিচ্ছু,1
জীবনের সুখই আল্লাহর রহমতে আসে,0
আলোর অন্ধকারের চলতে সফল পথ অনুসরণ করুন,0
জিবনে ভুল ভুল সরি,1
আত্মবিশ্বাস আপনাকে যেকোনো চ্যালেঞ্জ মোকাবিলায় সাহায্য,0
মনের শান্তি হাসি জীবনের সবচেয়ে বড় সম্পদ এগুলো করুন,0
আল্লাহর সাহায্য সম্ভব আল্লাহর রহমতে অসম্ভব,0
বেঁচে থাকার সংগ্রাম করেছি পরিবারই কিছুর দায়ী শান্তি চাই বিদায়,1
মা খারাপ করছি জীবনে তুমিও পারলে ক্ষমা দিও বড় মেজ ভাইয়া আপনাদের ভুল করেছি পারলে আপনারাও ক্ষমা দিয়েন বড় ছোট আপু তোমাদের মনেও কষ্ট দিয়েছি তোমরাও পারলে ক্ষমা দিও,1
কখনো প্রকার কষ্ট থাকি স্যরি ক্ষমা দিবেন সবাই শেষ কথা দোষারোপ করেছি চিন্তা ভাবনায় করেছি আল্লাহ হাফেজ ভালো থেকো দুনিয়ার মানুষেরা,1
সিদ্ধান্ত নিয়েছি ছোট ছোট জিনিসে সন্তুষ্ট বড় করব,0
আম্মান নামক ক্লাসমেট ইভটিজারটা বলছিল জীবনের অবস্থা মরা গতি পাই ফাইট করসি দেয়ালে পিঠ ঠেকে সহ্য ক্ষমতার,1
বাঁচতে চাই,1
ভালো থাকুক সেসব মানুষ নিজেকে ব্যস্ত,1
পৃথিবীর সৌন্দর্য প্রকৃতিতে লুকিয়ে জানলেই,0
এক পৃথিবীতে আছি থাকার প্রয়োজন,1
কারো গুরুত্বপূর্ণ,1
রিয়া জীবন,1
সফলতার আসল অর্থ সুখ খুঁজে প্রতিদিন খুঁজে বের,0
যতটুকু আশা ততটুকু সাফল্য আসবে,0
বাইরের জগত যতই কঠিন ঘরে প্রিয়জনের মুখের হাসি ক্লান্তি দূর,0
পরিবারের কাটানো প্রতিটি মুহূর্তই জীবনের সবচেয়ে বড় উপহার,0
সত্যিই অনুপস্থিতি অনুভব,1
জীবনে বাধা এসেছে কখনো হাল ছাড়িনি শক্তি পেয়েছি,0
সময় কঠিন একটা জিনিস বিরক্ত দম বন্ধ মারা যাবেন মৃত্যুও এতোই সহজ সময় নিয়ন্ত্রণে থাকেনা আপনাকে অবহেলা পাত্তা চাট্টিখানি কথা নিয়ন্ত্রণে ছেড়ে,1
কারো বেঁচে,1
বুঝার ট্রাই তোমরা করো যেই তোমাদের ছেড়ে যাবো অচিনপুর তোমরা বুঝবা ছিলাম তোমরা চাইলেও পাবে বাই,1
ভালোবাসা শিখিয়েছে কিভাবে জীবনকে উপভোগ জীবনের প্রতিটি দিনের সূর্যের আলো কাটানো প্রতিটি মুহূর্তই,0
জীবনে প্রভাব ফেলতে মানুষদের ধন্যবাদ জানাতে ভুলবেন,0
জীবনের প্রতিটি মুহূর্ত আল্লাহর দয়ার আশ্রয় শিখুন,0
মায়ের মাঝে কাঁদতাম মাও বুঝে একটা বোঝা মৃত্যুর বড় বড় স্বপ্নগুলোই দায়ী বাবা মার স্বপ্ন পূরণ,1
হারিয়ে ফেলা আল্লাহ দয়া প্রকাশ,0
ভুলের অনুতপ্ত মা কখনোই ভুল করবোনা মা ক্ষমা দিও,1
আত্মা ডিহাইড্রেটেড শুষ্ক,1
চাই রাখুক চাই হারিয়ে,1
পরিবারের সাথে মিলে রান্না মজাটা অন্যরকম মুহূর্তগুলোই জীবনের আসল সম্পদ,0
প্রতিটি সূর্যোদয় সম্ভাবনা আসে সম্ভাবনাগুলো লাগানোর,0
শাশুড়িশ্বশুর বউ নামের কলঙ্ক দিল প্রতিনিয়ত প্রেসার বউ মার নামে ভালো লাগলে ছেড়ে যাইতে বলছি ১০০ বোকা ছিলাম সুখে থেক ফ্যান বিলিভ জানি সঠিক মরার মিথ্যা বাইরে মানুষের ভিতরের চেহারা বুঝা,1
আজকের দিনে আল্লাহর রহমত শান্তি সকলের জীবনে বিরাজ করুক,0
জীবনের প্রতিটি ভালো কাজের পিছনে পরিবারই মায়ের ভালোবাসা শিখিয়েছে কিভাবে নিঃস্বার্থভাবে ভালোবাসতে বাবার ত্যাগ শিখিয়েছে কিভাবে সুখ ত্যাগ অন্যদের জন্যই,0
শুধুই একটা ছায়া অস্তিত্ব,1
চাই নির্ভর করুক ব্যর্থ,1
অস্তিত্ব এক অপ্রয়োজনীয় গল্প,1
জীবনে কঠিন পরিস্থিতি আসলে ভেঙে পড়বেন আল্লাহ জানেন সঠিক,0
অতীতে একজন বাজে প্রতারণার শিকার হই ভাবতে ভাবতে মাথায় অসহ্য যন্ত্রনা সাথে প্রতারণা ভাবলে মরে ইচ্ছা জীবনে শান্তি খুজে পাই,1
হেরে গেলাম ইচ্ছে ছিলো দশ স্বাভাবিকভাবে জীবন চলানোর পারলাম ডিশিসনটা সহজভাবে নিই বাধ্য হইছে ডিপ্রেশন শেষ দিছে মেন্টালি ফিজিক্যালি ভালো,1
সবকিছু পরিকল্পনা আল্লাহর পক্ষ সবকিছুর ভালো দিক খুঁজে বের করুন,0
এমনকি ছোট কাজও জীবনের বড় লক্ষ্য অর্জনে সাহায্য,0
বন্ধুরা জীবনের অংশ সবসময় পাশে জীবন অসম্পূর্ণ,0
পরিবার সুখী সম্ভব ভালোবাসাই জীবনের আসল সম্পদ,0
আশা ছেড়ে দিয়েছি,1
লাইফের শেষ স্টাটাস জানি কথা গুলো শোনার মানতে পারবে অনেকের ভালো লাগবে শুনে সময়ের বাস্তবতার হেরে গেলাম ইচ্ছে ছিলো দশ স্বাভাবিক জিবন চলানোর পারলাম ডিশিসন টা সহজ বাধ্য হইছে ডিপ্রেশন শেষ দিছে মেন্টালি ফিজিক্যালি ভালো স্বপ্ন ছিলো পূরন পারলাম মাফ দিবেন সবাই,1
কষ্টে দুঃখ বোধও যন্ত্রণা শূন্য দুঃখ কষ্টের অবসান চলেছে চোখ জুড়ে রাজ্যের ঘুম নেমেছে একটু পরই ঘুমিয়ে যাবো একেবারে চিরকালের অতল অতলান্তে নিজেকে চিন্তিত নই যেটা পেয়েছি জানি ভয়ঙ্কর জন্যই সিদ্ধান্ত নিয়েছি মানুষ বোকা বলবে ভীতু বলবে স্বার্থপরও বলবে বলবে গাধা বলবে বলবে আসে,1
প্রিয় বন্ধুদের কাটানো মুহূর্তগুলোই জীবনের রঙিন দিক জন্যই সবসময় কৃতজ্ঞ,0
বেতন সুযোগসুবিধা সেভিংস কিছুতে একটা মানুষকে আনা মড়ার ওপর খাঁড়ার ঘা বিয়েশাদির চিন্তা করিওনা খেয়েপড়ে বেঁচে থাকতে পারলে খুশি চাইলাম উঠল,1
সবাইকে হতাশ করেছি,1
,1
বিশ্বাস রাখুন সফল,0
বলবোনা দুঃখ অনুভব হয়না কষ্ট অনুভব হয়না দুঃখ কষ্ট একটা দুর্বল পারেনা কাতর পারেনাআমি বিষাদে ঘেরা কাটিয়ে এসেছি দূর পথ বুকে একটা অদৃশ্য ভারী ওজন বয়ে বেড়িয়েছি নাম দেয়া হতাশা দুশ্চিন্তা দীর্ঘশ্বাস এভাবে পার দীর্ঘদিন মাস বছর একদিন খেয়াল করলাম দুঃখে দুঃখ অনুভব হয়না কষ্টে দীর্ঘশ্বাস আসেনা এতটা সহ্য করেছি সয়ে দুঃখ কষ্ট দুর্বল পারেনা,1
স্বপ্ন পূরণ পারলাম মাফ দিবেন সবাই বড় ভাইভাবি মেজো ভাই ফ্রেন্ডস কারো সাথে কখনো অন্যায় থাকি ক্ষমা দিয়েন সবাই ফ্যামিলির কথা বলবো সবাই ভুলে ফ্যামেলি কখনো ভুলবে,1
ভাইবোনেরা জীবনের বন্ধু কাটানো সময়গুলোই জীবনের সেরা উপহার,0
মাঝে মাঝে হয়সত্যি কারো সময়ের প্রয়োজনে জীবনে একজন আসে সময়ের প্রয়োজনে জীবন হারিয়ে যায়বাস্তব আসলে ভয়ঙ্কর আবেগ খারাপপৃথিবীর কারো আপন হওয়াটা খুবই সহজকিন্তু আপন পাওয়াটা কঠিন,1
জীবনের খারাপ সময়গুলোই সবচেয়ে বড় শক্তি আসে আল্লাহ,0
আসলে কখনো কখনো নিজেকে একদম একা লাগে যেনো চারপাশে সবাই ব্যস্ত জীবনটা যেনো একরকম স্থবির একাকিত্বের অনুভূতিটা আসলে অন্যদের জরুরি কিছুতেই শান্তি খুঁজে পাচ্ছি জীবনের মানে হয়না,1
ছোটবেলার খেলাগুলো সহজ আনন্দে ভরা মুহূর্তগুলোই গুরুত্বপূর্ণ,0
জীবনে ধৈর্য বিশ্বাস এগিয়ে আল্লাহ সর্বোত্তম পথ তৈরি,0
জীবন পরিবর্তনশীল আল্লাহর সাহায্য বিশ্বাস সবসময় স্থায়ী,0
পরিবারের ঝগড়া মারামারি ভাল্লাগতেছে এগুলো দেখলে খারাপ লাগে বুঝানোর তারমধ্যে পড়ালেখা টেনশন,1
শিখেছি ব্যর্থতা আসলে শেখার সুযোগ,0
ভেতরের শূন্যতা প্রতিনিয়ত গ্রাস,1
বারবার বলছি ভালো লাগলে আলাদা যাও চিট করো মিথ্যা বলো বিশ্বাস ভাঙ্গিও ছবি আরো খারাপ খারাপ দিলাম বিলিভ এতেই ৯ বছরে বয়ফ্রেন্ড স্বামী স্ত্রীর সবি,1
কেবল এক মুহূর্তের শান্তি চাই কখনোই আসে,1
পরিবারের ভালোবাসা এক আশ্রয় সবকিছু ভুলে,0
একা থাকতে চাই,1
সময় বের আসলে সাথে পরিচিত,0
জীবনে ভুল করসি ভুল সরি,1
স্মৃতিগুলো কষ্ট ভবিষ্যৎ ভয় দেখায়,1
সত্যিই কারো প্রয়োজনীয়,1
বন্ধুত্বের আসল মানে অপরের পাশে বন্ধুরা হাসি কান্নারও অংশীদার,0
জীবনে সাফল্য চাওয়ার পরিশ্রমের সাথে দৃঢ় মনোভাব রাখতে,0
উন্নতি ত্বরান্বিত সময়কে মূল্য,0
অবহেলা মনের শক্তভাবে বিশ্বাস করুনআর কথা চাওয়া টা ভিক্ষা রই সামিল,1
বিশ্বাস,1
সম্পর্ক কখনো ভাষায় প্রকাশ প্রতিটি স্মৃতি প্রতিটি মুহূর্ত এক অমূল্য রত্ন চিরকাল হৃদয়ে ধারণ,0
বন্ধুত্ব একটা জিনিস সময়ের পুরোনো গভীর,0
ভালো থাকো ভালোবাসা ভালো থাকার আয়োজন মাফ করবা মা ভালো মেয়ে কাফন টাকা ব্যাগে মা,1
পৃথিবীতে স্থায়ী ভালো খারাপ উভয় পরিস্থিতি পার,0
কতদিন পেরিয়ে গেলো দেখিনি তোমায় শুনিনি কন্ঠস্বর বুলি,1
একটা বোঝা মৃত্যুর বড় বড় স্বপ্নগুলোই দায়ী বাবা মার স্বপ্ন পূরণ শেষ বারের চাইলে নদীর জলেই খুঁইজো মৃত্যুটা এভাবেও চাই ভালো থাইকো সবাই জীবনটা পারছি আমারে মাফ দিয়ো সবাই এভাবে দম বন্ধ বাঁচতে পারতেছি,1
জীবনে পরিস্থিতি আসুক করুন ভালো এগিয়ে চলা,0
জীবনে ভুল করেছি সেগুলো শিখেছি কিভাবে ভালো,0
জীবনে বিশ্বাস ধৈর্য ঈমান মানুষের জীবনে সফলতার সোপান ওঠে,0
ভেতরের শূন্যতা প্রতিদিন গভীর,1
এতোদিন আব্বুকে দেশের বাইরে কথা বললেই রাগ করতো আব্বু কল তারাতারি শেষ দেশের বাইরে যাও দেশ সেফ,1
চাই কষ্ট মুছে যাক বাঁচতে চাই,1
ভালোবাসাই জীবনের কঠিন সময়গুলো পার সাহস,0
বউয়ের সকল গয়নাগাটি টাকাপয়সা খরচ পথের ভিখারি গেছি বউ পৃথিবীর কারো দোষ মৃত্যুর সকলে মাফ দেবেন মাবাবা ভাইবোন সকলে মাফ দিবেন,1
হাতে বানানো দিলে প্রিয়জনের মুখের হাসি দেখার আনন্দ পৃথিবীতে কম জিনিসই,0
বন্ধুত্বের আসল মানে অপরকে নিঃস্বার্থভাবে ভালোবাসা বন্ধুরা সবসময় জীবনে কতটা মূল্যবান সম্পর্ক সঙ্গেই জীবনের আসল আনন্দ,0
অন্যের গুরুত্ব বললেই কষ্ট,1
ভালোবাসা মানে কথা কাজের প্রমাণ জীবনে একজন একটুখানি মনোযোগ ভালোবাসা পুরো পৃথিবী জয়ের সাহস,0
কথা শুনত,1
বাঁচিয়েও নেয় পুনরায় আত্মহত্যার করব প্লিজ বাঁচানোর কইরো বেঁচে বাঁচার কথা,1
চাই রাখুক চাই মুছে,1
মানুষ পাশে পৃথিবী থেমে একসাথে কাটানো মুহূর্তগুলো অবিনশ্বর ওঠে জীবন কাছেই সুন্দর,0
জীবনের দুঃখগুলো একটা লুপের লুপের শেষ প্রান্তে দেখি জীবনের মূল্যবান সময় কোথায় খরচ প্রোপার ওয়েতে দুঃখগুলো ডিল পারতাম বেঁচে থাকাটা ততটাই সুন্দর হতো ছোট্ট চোখে পৃথিবী থাকতে বিশাল দুঃখ কেনো,1
চাই ওপর নির্ভর করুক ব্যর্থ,1
পৃথিবী বিদায় ভালো থাকো সবাই শেষ,1
বাবা কথা রাখতে পারলাম জীবন মানে সংগ্রাম হেরে গেলাম পারলে ক্ষমা স্বপ্নগুলো পূরণ,1
জীবনের সবচেয়ে মূল্যবান অংশ কাটানো প্রতিটি মুহূর্তই শেখায়,0
জীবনের প্রতিটি মুহূর্তের ভালো খুঁজে বের করুন,0
কাজটা করছি ক্ষমা কার কষ্ট চাই বলেই সুন্দর পৃথিবী ছেড়ে যাচ্ছি পৃথিবীতে থাকার অধিকার পারলে আপনারা সবাই ক্ষমা দিয়েন,1
এসব ভাবছি জীবন কঠিন যন্ত্রণা অবহেলার মৃত্যু মুক্তি জীবনের মৃত্যু সহজ,1
কেবল অদৃশ্য চাই কখনো ছিলাম,1
একটা পৃথিবীতে আছি থাকার দরকার,1
পরিবারের ছোট ছোট হাসিমজাগুলোই প্রতিদিন সুখী রাখে কাটানো সময়ই জীবনের আসল রত্ন,0
একটা ঘরে বন্দী চাবি কোথাও,1
গল্প লিখে ফেলা সহজ প্রতিটি গল্পের পৃষ্ঠা,0
কঠিন সময়গুলো জীবনের নতুনভাবে উজ্জ্বল উঠবে,0
হৃদয়ের ভার ক্রমাগত ডুবিয়ে দিচ্ছে,1
বন্ধুত্ব মানে শুধুমাত্র সময় কাটানো অপরের জীবন সুন্দর তোলা বন্ধুদের জন্যই ভালোবাসি,0
শেষ ইচ্ছা মৃত্যুর মুখ মাবাবা হাসবেন্ডকে দেখানো লাশ মাবাবার বাড়িতে দাদী বাড়ি শেষ কাজটুকু দাদীর কবর দেয়া,1
ভবিষ্যতের কথা ভাবিনি জীবনের শেষসময় জানি ছাত্রলীগের নেশাটাই শেষ দিলো হারিয়েছি ঘর পরিবার ভালোবাসার মানুষ কাছের মানুষ হারিয়েছি রাজনীতির জন্যে গেলাম নিষ্ঠুর সার্থের পৃথিবী ক্ষমা দিবেন,1
কখনো কখনো পৃথিবী প্রতিবন্ধকতা শক্তি,0
জীবনের একজন ভালোবাসা প্রতিদিন বাঁচতে শেখায় কৃতজ্ঞতার শেষ,0
আশা প্রতিনিয়ত মরে একটু একটু,1
চাই চিন্তা করুক গুরুত্বপূর্ণ নই,1
জীবনে কখনো কখনো মুহূর্ত আসে সারা জীবন অপেক্ষা হয়েছিলো মুহূর্তগুলো আসলেই সবচেয়ে মূল্যবান,0
কখনো সুইসাইড মারা যাই মৃত্যুর একমাত্র দায়ী ক্লাসমেট আম্মান সিদ্দিকী সহকারী হিসেবে ভালো সম্পর্ক থাকার কারণে সাপোর্টকারী জগন্নাথের সহকারী প্রক্টর দ্বীন ইসলাম,1
ইদানীং আত্মহত্যা একটা আর্ট কতটা শৈল্পিকভাবে সত্তা ঝুলিয়ে,1
চাই কোথাও যাই চিনবে,1
লড়াই পারছি ভেতরের শক্তি ফুরিয়ে,1
বাঁচার আকুতি মিনতি করেছি বাঁচতে চেয়েছিলাম পারলাম আজকেও ডেকে এনে বাচ্চাকে দুচোখ ভরে দিলে,1
অন্যকে সাহায্য আনন্দ কতটা গভীর করলেই বোঝা,0
জীবনে সাফল্য শুধুমাত্র সময়ের কথা পরিশ্রমের ফল,0
জীবন যুদ্ধে একজন পরাজিত সৈনিক বিদায় নিলাম,1
ভরসা রাখুন সঠিক সময় আসবে চেষ্টার ফল পাবেন,0
বিশ্বসংসার তন্নতন্ন খুঁজে এনেছি একশো আটটি নীলপদ্মতবুও কথা রাখেনি,1
প্রতিজ্ঞা করেছি জীবনের প্রতিটি দিনকে সেরা তোলার করব,0
কাজের ভালোবাসাই প্রতিদিন অনুপ্রাণিত,0
মৃত্যুর দায়ী মেয়েটাকে রাখার অনুরোধ রইলো,1
০৬০১২০২৩ তারিখটা আজীবন মৃত্যুর আগ অন্তরে গাঁথা,1
গাছগুলো কুঁড়ি জীবনের প্রতিটি দিনই,0
মানুষ কখন আত্মহত্যা প্যানিক অ্যাডিকশন ডিপ্রেশন স্ট্রেস একসাথে মাথা খালি শরীর অনবরত কাঁপতে চোখে ঝাপসা লাগতে মাথা প্রচণ্ড ভারী একসাথে লাখ লাখ জিনিস মাথায় একসাথে,1
একটা চাই যেদিন সত্যিই সুখী থাকবো,1
কখনো হাল ছেড়ে একটু পরিশ্রম করুন সাফল্য আসবেই,0
তোমরা ধৈর্য ধারণ করো আল্লাহ তোমাদের সাথে আছেন সুরা আলবাকারা,0
বিদায় পৃথিবী,1
পরিবারের মায়ামমতার সবসময় শেখায় কিভাবে কঠিন সময়ে মাথা উঁচু দাঁড়াতে জন্যই প্রতিদিন উদ্যমে জীবন,0
চাই শেষ যাক কষ্ট পাই,1
অনুভব এক অর্থহীন বোঝা,1
শত্রু,1
সত্যিই আল্লাহ সাহায্য কখনো ভেঙে পড়ে,0
চোখের তাকালেই পুরো পৃথিবী পাই ভালোবাসা জীবনের সবচেয়ে বড় আশীর্বাদ প্রতিদিন কৃতজ্ঞ জীবনে আছো,0
পৃথিবী যতই কঠিন আল্লাহ সবসময় সহায়তা,0
জীবনে শান্তি আনন্দ অভ্যন্তরীণ মনোভাবের নির্ভর ভালো থাকতে মনোযোগ,0
প্রতিদিন ঘুম উঠি ক্লান্ত পড়ার,1
একটা দুঃস্বপ্নের আছি যেখান জাগার উপায়,1
পরিবারের ভালোবাসা সবসময় নিঃস্বার্থ স্নেহ মমতাই প্রতিদিন জীবন সাহস,0
প্রতিটি সময়ের জীবনের সবচেয়ে মিষ্টি মুহূর্তগুলো খুঁজে মুহূর্তগুলো কখনো মুছে অপরের সর্বদা,0
ব্যর্থতার সফলতার রূপ লুকিয়ে খুঁজে বের করাটাই আসল,0
মুহূর্ত কেবল সময়ের হারিয়ে হৃদয়ে স্থায়ী জীবনে শক্তি সাহস এনে,0
জীবনে শর্টকাট কঠিন পরিশ্রমই সফলতার একমাত্র পথ,0
দক্ষতাকে চ্যালেঞ্জ সবচেয়ে বড় শক্তি,0
একটুকু মমতা পুরো পৃথিবীর সমান ভালোবাসা কোথাও পাব,0
জানি জীবনের উদ্দেশ্য,1
সময় চলবে আপনাকে সফলতা দেবে,0
জীবনের সুখের আসল উৎস আল্লাহর সন্তুষ্টি স্মরণে,0
চিন্তাগুলো কষ্ট ভেতরে আটকে আছি,1
আল্লাহ জীবনের প্রতিটি মুহূর্তে জীবনের প্রত্যেক দিনই সুখী,0
পরিবার জায়গা সময় ভালোবাসা নিরাপত্তা,0
শেষ বারের চাইলে নদীর জলেই খুঁইজো মৃত্যুটা এভাবেও চাই ভালো থাইকো সবাই জীবনটা পারছি আমারে মাফ দিয়ো সবাই এভাবে দম বন্ধ বাঁচতে পারতেছি,1
অনুভূতিগুলো জমে অনুভব,1
দাদার ইচ্ছা ডাক্তার বানাবে আমারও স্বপ্ন ছোট ডাক্তার হব ভাগ্য খারাপ মেডিকেল এডমিশনের প্রিপারেশন নেওয়াও মেডিকেলেও বসতে বিশাল একটা ধাক্কা খাই ভেঙে পড়েছিলাম হাল ছাড়ি এডমিশন পিরিয়ডটা কতটা কষ্ট দিছে,1
বাবার পুরোনো বইটা যত্ন রেখেছি প্রতিবার পড়লে শিখি,0
আসসালামু আলাইকুম প্রথমে ক্ষমা চাই আজকের পরিবার বন্ধুবান্ধব এলাকাবাসীর একটা বড় স্মৃতি থাকব কখনো দিনটার কথা ভুলতে পারবে আজকের খুজে পাবে পৃথিবী নামক জেলখানায়,1
পরিবারের স্নেহ মমতার বড় শক্তি ভালোবাসাই প্রতিদিন এগিয়ে,0
চাই ভাবুক জানি সম্ভব,1
ইদানীং একাকিত্ব ভীষণ আঁকড়ে ধরেছে বিয়ে করব চাকরি পাহাড়ের ওঠার মতন চাকরি বিয়ে অসম্ভব ইচ্ছে দুঃসময়ে মেনে সুখের এক সাথে খুঁজব মাঝে মাঝে জীবন দেই,1
জানতাম একটা মানুষ একটা মানুষকে হারানোর ভয়ে এতটা ছটফট উদ্দেশ্যে একটায় কথা মায়ায় পড়ো কখনো জীবন ধ্বংস,1
পৃথিবীর বদলায় একেকটি সম্পর্ক কখনো হারায় সেগুলো গাঢ় গুরুত্ব বেড়ে,0
সবসময় সবকিছু সহজ প্রতিটি দিনই নতুনভাবে সুযোগ,0
মৃত্যুর দায়ী করব ভেতরের যন্ত্রণাগুলো বড় গেছেআমি সহ্য পারছি প্রাণটা পালাই পালাই অবিবাহিতগণের আকুল আবেদন আপনারা পাত্রী পছন্দ পাত্রীর মা ভালো কিনা খবর নেবেন পাত্রীর মা ভালো পাত্রী কখনোই ভালো সংসারটা দোজখের সকল সম্মানিত অভিভাবকগণের শেষ অনুরোধ বিশেষভাবে গুরুত্ব দিবেন আল্লাহ হাফেজ,1
হাসির আড়ালে লুকিয়ে এক গভীর দুঃখ,1
লক্ষ্য শুধুমাত্র সফল অন্যদেরও অনুপ্রাণিত,0
চোখের জল পায় লুকিয়ে কাঁদি,1
ভালোবাসা প্রতিদিন গভীর জীবনের সবচেয়ে বড় অনুপ্রেরণা,0
ফ্যামেলির বিরাট একটা লস প্রজেক্ট জীবনের অ্যাচিভমেন্ট কোনোদিন পেরেছি খুশি করাতে,1
যতই ঠিকঠাক,1
কথা পড়লেই হৃদয়ে এক ধরনের প্রশান্তি অনুভব ভালোবাসা সবসময় এমনই,0
রাত ১২ টার কল আত্নহত্যা করব,1
চোখে পুরো পৃথিবী পাই কাটানো প্রতিটি মুহূর্তই জীবনের সেরা সময়,0
স্বপ্ন,1
বৃষ্টির সময় খোলা জানালার পাশে বই পড়া এক অসাধারণ অনুভূতি,0
একাকী নির্জন অসহায়,1
সখের পুরুষ দুনিয়া ছাড়তে বাধ্য করছেআমার কাফনের টাকা ব্যাগে মা,1
সবাই ঘৃণা,1
একটা দুঃস্বপ্নের আটকে আছি যেখান বের সম্ভব,1
এসব পারতেছি একটা আশ্রয় খুঁজতেছিলাম শেষ আশ্রয় এটাও শেষ হইল মানুষ আত্মীয়ের কথা শোনা লাগছে বাবার একটু ফিনানসিয়াল সমস্যা ঢাকা পড়তে ধৈর্য ছিলাম পারব পারলাম,1
জানি শেষ সত্যিকারের সুখ অনুভব করেছি,1
ভালো থাকুক সবাই ভালো থাকুক প্রিয় মানুষ ভালো থাকুক মা,1
জীবনে হারানো পুরোপুরি হারায় কেবল সময়ের পরিবর্তন ঘটে,0
প্রিয় বন্ধুদের কাটানো হাসিমজার মুহূর্তগুলোই জীবনের আসল রঙ,0
শেষ একটা কথা যাই মৃত্যুর দায়ী ভালো সবাই আল্লাহ হাফেজ,1
শক্তিকে উপেক্ষা সবাই ক্ষমতা রাখি,0
নিজেকে দোষ দেই কিছুর দায়ী,1
জীবনের প্রতিটি পদক্ষেপ ভবিষ্যৎ তৈরি এখনই সঠিক সিদ্ধান্ত নিন,0
ব্যথা পায়,1
সপ্ন ছিলো পড়াশোনা করবো এইবার ফেইল পরিবার পড়াশোনা করাবে অবস্থা খারাপ আত্নহত্যা মাথায় আসছে করবো বুঝতেসি,1
একাকিত্ব জীবন কিভাবে উপভোগ,1
সঠিক পথে চলেন সাফল্য আসবেই সময়ের সাথে সাথে,0
